indicadores_t1.cod_ccaa,indicadores_t1.cod_prov,indicadores_t1.cod_muni,indicadores_t1.distrito,indicadores_t1.total_poblacion,indicadores_t2.total_hombres,indicadores_t2.total_mujeres,indicadores_t3.total_rango_1,indicadores_t3.total_rango_2,indicadores_t3.total_rango_3,indicadores_t4.total_lnac_1,indicadores_t4.total_lnac_2,indicadores_t4.total_lnac_3,indicadores_t4.total_lnac_4,indicadores_t4.total_lnac_5,indicadores_t4.total_lnac_6,indicadores_t4.total_lnac_7,indicadores_t4.total_lnac_8,indicadores_t5.total_nac_lnac_1,indicadores_t5.total_nac_lnac_2,indicadores_t5.total_nac_lnac_3,indicadores_t5.total_nac_lnac_4,indicadores_t5.total_nac_lnac_5,indicadores_t5.total_nac_lnac_6,indicadores_t5.total_nac_lnac_7,indicadores_t5.total_nac_lnac_8,indicadores_t5.total_nac_lnac_9,indicadores_t5.total_nac_lnac_10,indicadores_t5.total_nac_lnac_11,indicadores_t5.total_nac_lnac_12,indicadores_t5.total_nac_lnac_13,indicadores_t5.total_nac_lnac_14,indicadores_t5.total_nac_lnac_15,indicadores_t5.total_nac_lnac_16,indicadores_t6.total_nac_esp,indicadores_t6.total_nac_ext,indicadores_t7.total_hom_rango1,indicadores_t7.total_hom_rango2,indicadores_t7.total_hom_rango3,indicadores_t7.total_muj_rango1,indicadores_t7.total_muj_rango2,indicadores_t7.total_muj_rango3,indicadores_t8.total_hom_nac_esp,indicadores_t8.total_hom_rnac_ext,indicadores_t8.total_muj_nac_esp,indicadores_t8.total_muj_nac_ext,indicadores_t9.total_nesp_rango1,indicadores_t9.total_next_rango1,indicadores_t9.total_esp_rango2,indicadores_t9.total_ext_rango2,indicadores_t9.total_esp_rango3,indicadores_t9.total_ext_rango3,indicadores_t10.total_solteros,indicadores_t10.total_casados,indicadores_t10.total_separados,indicadores_t10.total_divorciados,indicadores_t10.total_viudos,indicadores_t11.total_solt_rango1,indicadores_t11.total_solt_rango2,indicadores_t11.total_solt_rango3,indicadores_t11.total_casa_rango1,indicadores_t11.total_casa_rango2,indicadores_t11.total_casa_rango3,indicadores_t11.total_sepa_rango1,indicadores_t11.total_sepa_rango2,indicadores_t11.total_sepa_rango3,indicadores_t11.total_divo_rango1,indicadores_t11.total_divo_rango2,indicadores_t11.total_divo_rango3,indicadores_t11.total_viudo_rango1,indicadores_t11.total_viudo_rango2,indicadores_t11.total_viudo_rango3,indicadores_t12.total_analfabetos,indicadores_t12.total_sin_estudios,indicadores_t12.total_estudios_g1,indicadores_t12.total_estudios_g2,indicadores_t12.total_estudios_g3,indicadores_t12.total_no_info,indicadores_t13.total_muj_analf,indicadores_t13.total_muj_sin_est,indicadores_t13.total_muj_est_g1,indicadores_t13.total_muj_est_g2,indicadores_t13.total_muj_est_g3,indicadores_t13.total_muj_no_info,indicadores_t13.total_hom_analf,indicadores_t13.total_hom_sin_est,indicadores_t13.total_hom_est_g1,indicadores_t13.total_hom_est_g2,indicadores_t13.total_hom_est_g3,indicadores_t13.total_hom_no_info,indicadores_t14.total_esp_analf,indicadores_t14.total_esp_sin_est,indicadores_t14.total_esp_est_g1,indicadores_t14.total_esp_est_g2,indicadores_t14.total_esp_est_g3,indicadores_t14.total_esp_no_info,indicadores_t14.total_ext_analf,indicadores_t14.total_ext_sin_est,indicadores_t14.total_ext_est_g1,indicadores_t14.total_ext_est_g2,indicadores_t14.total_ext_est_g3,indicadores_t14.total_ext_no_info,indicadores_t15.total_rang2_analf,indicadores_t15.total_rang2_sin_est,indicadores_t15.total_rang2_est_g1,indicadores_t15.total_rang2_est_g2,indicadores_t15.total_rang2_est_g3,indicadores_t15.total_rang3_analf,indicadores_t15.total_rang3_sin_est,indicadores_t15.total_rang3_est_g1,indicadores_t15.total_rang3_est_g2,indicadores_t15.total_rang3_est_g3,indicadores_t15.total_rang1_no_info,indicadores_t16.total_viviendas,indicadores_t17.total_principales,indicadores_t17.total_secundarias,indicadores_t17.total_vacias,indicadores_t18.total_prop_paga,indicadores_t18.total_prop_pend,indicadores_t18.total_prop_hd,indicadores_t18.total_alquiler,indicadores_t18.total_cedida,indicadores_t18.total_otros,indicadores_t19.total_tam_1,indicadores_t19.total_tam_2,indicadores_t19.total_tam_3,indicadores_t19.total_tam_4,indicadores_t19.total_tam_5,indicadores_t19.total_tam_6,indicadores_t19.total_tam_7,indicadores_t19.total_tam_8,indicadores_t19.total_tam_9,indicadores_t19.total_tam_10,indicadores_t20.total_hab_1,indicadores_t20.total_hab_2,indicadores_t20.total_hab_3,indicadores_t20.total_hab_4,indicadores_t20.total_hab_5,indicadores_t20.total_hab_6,indicadores_t20.total_hab_7,indicadores_t20.total_hab_8,indicadores_t20.total_hab_9,indicadores_t21.total_hogares,indicadores_t22.total_hoga_1p,indicadores_t22.total_hoga_2p,indicadores_t22.total_hoga_3p,indicadores_t22.total_hoga_4p,indicadores_t22.total_hoga_5p,indicadores_t22.total_hoga_6p
13,28,79,1,135590,66990.0,68605,13035.0,101555,20975.0,100065.0,5820.0,435.0,1940.0,12245.0,895.0,3210.0,0.0,97355.0,140.0,,4000.0,,,,770.0,575.0,7750.0,,225.0,140.0,1880.0,,,103125.0,32465,6585.0,52775.0,7550.0,6450.0,48735,13420.0,49230.0,17745.0,53910.0,14700.0,9340.0,3680.0,73900.0,27615.0,19885.0,1100.0,79615.0,39005,2790.0,6365.0,7830.0,10765.0,62060.0,2835.0,0.0,30145.0,7625.0,0.0,1160.0,165.0,0.0,3360.0,555.0,0.0,770.0,4820.0,825.0,5125.0,11595.0,49880,55110.0,13025.0,240.0,525.0,1245.0,2810.0,4630.0,5765.0,25735.0,23965.0,27210.0,27470.0,5550.0,5235.0,515.0,245.0,3905.0,445.0,8250.0,2030.0,37480.0,11005.0,42425.0,11215.0,8280.0,2705.0,60.0,70.0,305.0,1900.0,3055.0,3490.0,42090.0,6130.0,51470.0,1990.0,10490.0,86810.0,70505.0,5085.0,11190.0,18240.0,16020.0,2695.0,27665.0,1910.0,1970.0,2970.0,15860.0,14575.0,8065.0,6375.0,2155.0,1035.0,1350.0,240.0,365.0,4330.0,8720.0,13985.0,15460.0,9605.0,3150.0,560.0,315.0,320.0,70505.0,31565.0,22825.0,8260.0,4010.0,1445.0,520.0
13,28,79,2,152235,70735.0,81465,20055.0,106285,25905.0,129985.0,4235.0,665.0,1170.0,12780.0,605.0,1160.0,25.0,128740.0,350.0,230.0,1865.0,90.0,295.0,190.0,100.0,860.0,9575.0,40.0,125.0,95.0,400.0,0.0,25.0,132605.0,19600,10095.0,50960.0,9660.0,9900.0,55295,16245.0,61295.0,9460.0,71330.0,10160.0,17685.0,2370.0,89750.0,16505.0,25195.0,705.0,75960.0,59170,2205.0,5530.0,9300.0,19570.0,52245.0,3105.0,0.0,45615.0,13310.0,0.0,1510.0,405.0,10.0,4365.0,590.0,0.0,1705.0,7215.0,465.0,5400.0,13235.0,56150,56885.0,20055.0,200.0,260.0,1400.0,3855.0,4415.0,8560.0,27090.0,29045.0,27210.0,29560.0,9960.0,9755.0,365.0,90.0,4775.0,485.0,11300.0,1865.0,47265.0,8805.0,51040.0,5715.0,17480.0,2370.0,160.0,145.0,815.0,3630.0,4740.0,7055.0,46815.0,9050.0,52560.0,3650.0,19475.0,76255.0,67160.0,2370.0,6755.0,26850.0,19865.0,1890.0,13515.0,1395.0,2405.0,450.0,6575.0,12060.0,13965.0,16420.0,7150.0,3205.0,1495.0,150.0,60.0,885.0,3445.0,9210.0,19065.0,22750.0,6520.0,720.0,175.0,115.0,67160.0,21990.0,21195.0,11260.0,9250.0,1875.0,665.0
13,28,79,3,119740,54370.0,65345,14735.0,77960,27060.0,107940.0,1990.0,350.0,725.0,5335.0,520.0,400.0,15.0,107065.0,85.0,105.0,590.0,0.0,25.0,25.0,185.0,300.0,3170.0,30.0,10.0,60.0,0.0,0.0,0.0,110010.0,9720,7480.0,36495.0,10415.0,7220.0,41510,16610.0,50170.0,4205.0,59850.0,5510.0,13610.0,1110.0,69770.0,8210.0,26660.0,400.0,54065.0,49850,1900.0,4755.0,9165.0,14305.0,35810.0,2890.0,25.0,35265.0,14365.0,0.0,1135.0,235.0,0.0,3245.0,585.0,0.0,1140.0,7550.0,575.0,3130.0,7880.0,41860,51545.0,14735.0,240.0,325.0,870.0,2045.0,2515.0,5015.0,18125.0,23710.0,24890.0,26685.0,7375.0,7105.0,510.0,55.0,2805.0,150.0,6950.0,765.0,37580.0,4085.0,48255.0,3015.0,13415.0,1100.0,225.0,90.0,410.0,1475.0,1820.0,4315.0,30680.0,10880.0,43495.0,7460.0,14160.0,56585.0,51025.0,1975.0,3605.0,24070.0,11435.0,1975.0,8765.0,1380.0,2010.0,50.0,3280.0,5345.0,6770.0,9075.0,5975.0,5285.0,4545.0,1130.0,870.0,430.0,1345.0,4100.0,11850.0,15635.0,9550.0,1540.0,270.0,140.0,51025.0,14810.0,16790.0,8845.0,6810.0,1820.0,430.0
13,28,79,4,143390,63105.0,80255,16705.0,94300,32360.0,122375.0,3180.0,410.0,645.0,10725.0,975.0,875.0,25.0,120570.0,190.0,55.0,775.0,0.0,0.0,20.0,0.0,1045.0,5790.0,25.0,25.0,0.0,345.0,0.0,0.0,125875.0,17545,8525.0,42980.0,11680.0,8190.0,51400,20680.0,55780.0,7355.0,70095.0,10155.0,14850.0,1855.0,79735.0,14555.0,31250.0,1120.0,67915.0,55845,1745.0,6120.0,11775.0,16010.0,46070.0,4115.0,0.0,40325.0,14825.0,0.0,855.0,225.0,0.0,3575.0,885.0,0.0,1330.0,8825.0,300.0,3715.0,9465.0,47230,65965.0,16705.0,85.0,145.0,875.0,2380.0,2550.0,5860.0,18655.0,28310.0,31660.0,34310.0,7605.0,7600.0,175.0,60.0,2855.0,425.0,7745.0,970.0,40945.0,5510.0,58235.0,6795.0,14300.0,1445.0,65.0,50.0,545.0,1510.0,1710.0,4660.0,34565.0,11625.0,55035.0,9660.0,15955.0,83610.0,62715.0,7735.0,13150.0,23855.0,11180.0,3485.0,14570.0,2030.0,2875.0,210.0,4750.0,8280.0,5980.0,7590.0,4265.0,3275.0,4380.0,1070.0,2900.0,725.0,2070.0,5670.0,13480.0,14650.0,7420.0,2740.0,565.0,895.0,62715.0,21035.0,19280.0,9220.0,6580.0,2000.0,935.0
13,28,79,5,143740,64555.0,79190,19535.0,92920,31305.0,125415.0,4165.0,430.0,990.0,8915.0,1030.0,1045.0,40.0,123950.0,215.0,140.0,1365.0,15.0,45.0,75.0,170.0,660.0,4980.0,25.0,80.0,35.0,40.0,0.0,0.0,129045.0,14695,9995.0,42785.0,11750.0,9510.0,50105,19545.0,58690.0,5860.0,70290.0,8900.0,17785.0,1735.0,80955.0,11930.0,30275.0,1020.0,65570.0,58710,2380.0,6135.0,10920.0,19270.0,42200.0,3590.0,20.0,42150.0,16425.0,0.0,1550.0,560.0,10.0,4590.0,960.0,15.0,1535.0,8935.0,465.0,3675.0,8465.0,44965,66620.0,19535.0,150.0,235.0,840.0,2495.0,2055.0,5920.0,18310.0,26510.0,32600.0,33905.0,9650.0,9190.0,305.0,75.0,2985.0,490.0,7255.0,1030.0,39815.0,4785.0,60430.0,5890.0,17465.0,1685.0,265.0,55.0,870.0,1995.0,2555.0,4630.0,32735.0,11850.0,55380.0,10845.0,19180.0,72115.0,60770.0,4085.0,7235.0,25870.0,11220.0,2465.0,13060.0,2295.0,3770.0,155.0,3140.0,7670.0,8280.0,11280.0,5605.0,3885.0,4370.0,2080.0,3885.0,1035.0,2875.0,7240.0,13570.0,17330.0,7665.0,2640.0,1015.0,1420.0,60770.0,19285.0,18795.0,9825.0,7470.0,2820.0,1325.0
13,28,79,6,152760,69555.0,83230,18360.0,104345,30100.0,119365.0,4690.0,290.0,2455.0,17435.0,270.0,3005.0,60.0,117175.0,65.0,0.0,2785.0,0.0,15.0,145.0,985.0,1050.0,12490.0,0.0,0.0,0.0,1830.0,0.0,0.0,122650.0,30150,9325.0,49070.0,11160.0,9025.0,55265,18905.0,55635.0,13885.0,67020.0,16250.0,14340.0,4035.0,79130.0,25200.0,29190.0,920.0,76625.0,55540,2830.0,6120.0,11615.0,17425.0,53810.0,3440.0,20.0,40790.0,14290.0,0.0,1620.0,320.0,0.0,3890.0,495.0,0.0,1340.0,8875.0,1280.0,8790.0,16555.0,57725,50130.0,18360.0,405.0,730.0,2520.0,5255.0,6035.0,9515.0,27110.0,30490.0,23010.0,26610.0,8360.0,8225.0,800.0,335.0,7035.0,1105.0,12535.0,3250.0,45600.0,11650.0,41345.0,7860.0,13795.0,3665.0,285.0,305.0,1350.0,4615.0,6285.0,6555.0,47995.0,8680.0,44530.0,4490.0,17255.0,80150.0,68105.0,2940.0,9115.0,23280.0,15090.0,2670.0,19740.0,1595.0,3075.0,700.0,10225.0,16790.0,12145.0,8970.0,3065.0,1490.0,960.0,695.0,1200.0,1295.0,4720.0,10045.0,19020.0,16800.0,4615.0,535.0,450.0,135.0,68105.0,23060.0,22075.0,10005.0,6545.0,2470.0,680.0
13,28,79,7,139460,60565.0,78930,15070.0,91765,32625.0,119630.0,2850.0,445.0,635.0,9950.0,615.0,1025.0,0.0,118225.0,80.0,,555.0,,75.0,60.0,,560.0,6425.0,,,,420.0,,,122675.0,16800,7675.0,41695.0,11215.0,7440.0,50080,21410.0,53385.0,7135.0,69290.0,9665.0,13135.0,1915.0,77825.0,13925.0,31705.0,900.0,68580.0,51575,2235.0,5545.0,11505.0,14160.0,47415.0,4740.0,10.0,36820.0,14360.0,0.0,1105.0,400.0,10.0,3280.0,740.0,0.0,965.0,8515.0,620.0,4000.0,10400.0,46105,63195.0,15070.0,245.0,325.0,905.0,2450.0,2825.0,6585.0,18770.0,27120.0,29260.0,33895.0,7195.0,6850.0,525.0,40.0,3245.0,245.0,8400.0,1410.0,39225.0,6315.0,57280.0,5395.0,12635.0,1680.0,170.0,35.0,430.0,1660.0,2050.0,4945.0,34070.0,11295.0,52655.0,9110.0,14100.0,79780.0,63615.0,7125.0,9055.0,23405.0,10415.0,3345.0,17850.0,2155.0,2635.0,400.0,7130.0,8445.0,6040.0,7625.0,4735.0,3540.0,4195.0,1185.0,2230.0,800.0,3040.0,5935.0,14550.0,14635.0,8635.0,2675.0,755.0,440.0,63615.0,23250.0,19200.0,9470.0,5945.0,1990.0,520.0
13,28,79,8,226985,107310.0,119645,37270.0,150075,39585.0,202115.0,5165.0,440.0,1235.0,12510.0,955.0,1380.0,0.0,200025.0,565.0,295.0,2960.0,90.0,75.0,165.0,195.0,1165.0,8025.0,85.0,325.0,290.0,535.0,0.0,0.0,205985.0,20995,19100.0,71080.0,17070.0,18220.0,78880,22565.0,97870.0,9415.0,108155.0,11455.0,34110.0,3195.0,132995.0,17030.0,38850.0,760.0,101490.0,102690,3295.0,7410.0,12125.0,36525.0,60715.0,2660.0,95.0,77520.0,24985.0,0.0,2120.0,400.0,0.0,5790.0,705.0,0.0,1865.0,8975.0,1255.0,9845.0,18320.0,80635,79630.0,37270.0,300.0,860.0,3105.0,6220.0,6800.0,11175.0,38425.0,42025.0,38755.0,40275.0,18785.0,17865.0,1025.0,145.0,9095.0,585.0,16615.0,1505.0,72270.0,7975.0,72425.0,6855.0,33835.0,3035.0,350.0,270.0,1130.0,6835.0,6450.0,9460.0,67215.0,12450.0,71720.0,6740.0,36345.0,99145.0,89470.0,2740.0,6920.0,38610.0,27940.0,1660.0,14375.0,1395.0,2710.0,70.0,4495.0,14345.0,15205.0,20440.0,9900.0,5525.0,3760.0,2010.0,3565.0,380.0,3535.0,7090.0,21600.0,31985.0,12505.0,2475.0,700.0,995.0,89470.0,20980.0,27790.0,18095.0,14275.0,3710.0,1325.0
13,28,79,9,115660,52815.0,62815,17530.0,75030,23090.0,100110.0,3445.0,225.0,730.0,6995.0,535.0,1175.0,70.0,98940.0,515.0,190.0,1670.0,55.0,30.0,115.0,145.0,1310.0,4175.0,55.0,140.0,115.0,550.0,0.0,0.0,102825.0,12805,8950.0,34990.0,8870.0,8575.0,40020,14235.0,47555.0,5250.0,55285.0,7540.0,16025.0,1505.0,64470.0,10560.0,22370.0,725.0,53460.0,47580,1955.0,4045.0,8585.0,17325.0,33415.0,2265.0,55.0,34975.0,12325.0,0.0,1425.0,205.0,0.0,3055.0,455.0,0.0,1105.0,6770.0,420.0,4365.0,7810.0,39050,46470.0,17530.0,90.0,305.0,1265.0,2835.0,2430.0,4990.0,17575.0,21435.0,22115.0,24250.0,8600.0,8350.0,305.0,95.0,3865.0,375.0,6660.0,950.0,33655.0,5085.0,42130.0,4245.0,15940.0,1445.0,110.0,175.0,675.0,2995.0,2310.0,4120.0,30335.0,8395.0,40695.0,5190.0,17345.0,55110.0,47535.0,2910.0,4720.0,20495.0,11890.0,1615.0,8450.0,1325.0,2125.0,95.0,1975.0,7695.0,8115.0,7110.0,3240.0,3420.0,3280.0,1440.0,3960.0,490.0,1405.0,3170.0,11970.0,14880.0,5975.0,2120.0,955.0,1295.0,47535.0,13510.0,14525.0,8370.0,6605.0,2320.0,745.0
13,28,79,10,242950,114375.0,128580,30915.0,154095,57915.0,200145.0,8340.0,1000.0,1395.0,25275.0,240.0,1885.0,40.0,196475.0,705.0,60.0,4910.0,0.0,340.0,30.0,370.0,1215.0,20325.0,45.0,30.0,30.0,1005.0,0.0,0.0,203015.0,39950,15790.0,74850.0,23745.0,15115.0,79265,34225.0,94615.0,19715.0,108320.0,20255.0,24440.0,6430.0,121395.0,32685.0,57120.0,790.0,105790.0,107160,3275.0,7460.0,19220.0,29520.0,71360.0,2560.0,15.0,70540.0,36165.0,15.0,1825.0,455.0,10.0,4650.0,790.0,10.0,2040.0,14805.0,2025.0,16950.0,29260.0,116045,47750.0,30915.0,490.0,1185.0,5130.0,10190.0,11235.0,16375.0,58125.0,57915.0,21025.0,25385.0,14955.0,13990.0,1525.0,170.0,15460.0,980.0,25610.0,3090.0,92420.0,22985.0,42170.0,4720.0,23665.0,6095.0,370.0,505.0,1610.0,12570.0,9080.0,16520.0,95255.0,19720.0,42870.0,3145.0,29490.0,115525.0,99900.0,2740.0,12890.0,50010.0,24515.0,2555.0,13745.0,1530.0,2865.0,150.0,3565.0,24025.0,35470.0,19105.0,4375.0,1720.0,660.0,95.0,35.0,340.0,2075.0,8805.0,25165.0,44610.0,6975.0,425.0,55.0,95.0,99900.0,25495.0,32655.0,19295.0,13525.0,2850.0,1330.0
13,28,79,11,246020,116120.0,129875,36720.0,161510,47800.0,195175.0,9230.0,1060.0,1780.0,32215.0,290.0,2415.0,40.0,191545.0,575.0,255.0,5890.0,50.0,490.0,145.0,125.0,1735.0,26910.0,10.0,55.0,70.0,1035.0,10.0,0.0,197620.0,48380,18695.0,78740.0,18700.0,17970.0,82810,29065.0,92095.0,24075.0,105530.0,24350.0,29560.0,7070.0,121105.0,40405.0,46890.0,900.0,113070.0,103370,4045.0,8425.0,16985.0,35885.0,72755.0,2825.0,45.0,75105.0,28095.0,0.0,2570.0,495.0,0.0,6230.0,680.0,25.0,1865.0,13350.0,2425.0,18890.0,31185.0,114165,42575.0,36685.0,705.0,1435.0,6045.0,11465.0,13055.0,16885.0,57315.0,56825.0,18280.0,23025.0,17950.0,16985.0,1750.0,400.0,17305.0,940.0,25140.0,5405.0,85495.0,27930.0,36900.0,4915.0,28625.0,6415.0,310.0,725.0,2040.0,14415.0,14685.0,13315.0,100660.0,11930.0,39245.0,1435.0,35840.0,115260.0,99590.0,3490.0,12065.0,41465.0,29565.0,3195.0,15950.0,1525.0,3150.0,35.0,5555.0,27740.0,29145.0,19520.0,5005.0,1215.0,470.0,25.0,60.0,435.0,2345.0,10610.0,29170.0,40835.0,5795.0,330.0,60.0,50.0,99590.0,26910.0,30480.0,18290.0,14655.0,3515.0,1155.0
13,28,79,12,135855,64565.0,71275,22145.0,89160,24575.0,105320.0,3545.0,1340.0,1080.0,20470.0,180.0,1410.0,0.0,103205.0,0.0,155.0,1770.0,0.0,895.0,70.0,210.0,1090.0,16780.0,0.0,40.0,190.0,535.0,0.0,0.0,107180.0,28715,11495.0,43645.0,9430.0,10665.0,45490,15130.0,50240.0,14350.0,56945.0,14340.0,17990.0,4160.0,65150.0,24010.0,24025.0,545.0,62450.0,56170,2440.0,4785.0,10025.0,21340.0,38990.0,1010.0,40.0,42060.0,13880.0,0.0,1630.0,245.0,0.0,3595.0,315.0,15.0,1165.0,8125.0,2150.0,12150.0,16915.0,63140,19340.0,22145.0,630.0,1300.0,4035.0,7640.0,7460.0,8955.0,31750.0,31350.0,8350.0,10505.0,11225.0,10365.0,1690.0,295.0,11250.0,840.0,13980.0,2730.0,47240.0,15670.0,14520.0,4525.0,17580.0,4020.0,370.0,740.0,1785.0,8825.0,8805.0,6265.0,56975.0,5320.0,18125.0,390.0,21450.0,59285.0,52820.0,1240.0,5210.0,18940.0,19035.0,1625.0,8375.0,770.0,2155.0,95.0,2215.0,12350.0,13345.0,14640.0,4565.0,840.0,100.0,10.0,0.0,145.0,1340.0,5145.0,14790.0,23385.0,1705.0,175.0,30.0,35.0,52820.0,12860.0,15120.0,10640.0,8340.0,2090.0,1200.0
13,28,79,13,233590,111865.0,121720,35125.0,156595,41850.0,190340.0,5220.0,625.0,2215.0,26195.0,145.0,1970.0,0.0,185670.0,1745.0,100.0,1805.0,60.0,70.0,100.0,635.0,2845.0,19700.0,30.0,0.0,45.0,1050.0,0.0,0.0,192780.0,40790,18155.0,77365.0,16340.0,17005.0,79270,25510.0,91415.0,20415.0,101345.0,20350.0,28295.0,6795.0,123205.0,33420.0,41260.0,575.0,108690.0,95650,4755.0,7835.0,16655.0,33615.0,71035.0,1760.0,45.0,71225.0,23295.0,0.0,2400.0,365.0,0.0,5035.0,520.0,0.0,1800.0,12155.0,5180.0,23085.0,29975.0,113670,26460.0,35125.0,1310.0,2820.0,7430.0,13765.0,12340.0,15380.0,58215.0,55450.0,10460.0,13790.0,16815.0,15610.0,3660.0,615.0,21135.0,1255.0,25530.0,3520.0,89830.0,22675.0,21600.0,3275.0,27380.0,6330.0,955.0,1475.0,3285.0,16185.0,17340.0,9060.0,104880.0,6935.0,23055.0,570.0,33865.0,106575.0,92050.0,2275.0,12260.0,39395.0,26525.0,2035.0,14210.0,955.0,3065.0,280.0,7500.0,24840.0,23770.0,19085.0,5055.0,725.0,95.0,95.0,15.0,445.0,2935.0,11315.0,25530.0,36020.0,4245.0,330.0,70.0,55.0,92050.0,22820.0,27230.0,17510.0,12950.0,3145.0,1620.0
13,28,79,14,98720,45900.0,52865,13295.0,61900,23525.0,87415.0,1710.0,360.0,365.0,6215.0,100.0,130.0,0.0,86670.0,70.0,100.0,710.0,10.0,20.0,35.0,0.0,685.0,4255.0,10.0,20.0,65.0,0.0,0.0,0.0,89355.0,9385,6740.0,29660.0,9480.0,6565.0,32230,14020.0,41575.0,4305.0,47785.0,5055.0,12030.0,1275.0,54105.0,7815.0,23235.0,300.0,42780.0,43775,1350.0,3200.0,7610.0,12535.0,27905.0,810.0,55.0,29185.0,14490.0,0.0,755.0,140.0,10.0,1970.0,225.0,0.0,630.0,6225.0,925.0,6425.0,10900.0,44585,22505.0,13295.0,155.0,625.0,1585.0,4215.0,3800.0,6240.0,22505.0,22085.0,9965.0,11960.0,6240.0,6155.0,760.0,20.0,6140.0,180.0,9975.0,670.0,39150.0,4900.0,20895.0,1470.0,11600.0,970.0,195.0,170.0,490.0,4665.0,2935.0,5960.0,36065.0,8060.0,19935.0,1770.0,12550.0,44380.0,39560.0,1000.0,3855.0,22655.0,8690.0,720.0,3355.0,525.0,1130.0,0.0,925.0,7540.0,7680.0,11865.0,4605.0,1070.0,840.0,35.0,10.0,30.0,125.0,2475.0,6800.0,20100.0,4195.0,455.0,20.0,25.0,39560.0,9090.0,13160.0,7595.0,5930.0,1290.0,465.0
13,28,79,15,219515,100500.0,118975,29235.0,142045,48165.0,179280.0,7255.0,495.0,1180.0,25340.0,735.0,1740.0,40.0,176795.0,370.0,110.0,3200.0,0.0,15.0,10.0,180.0,2590.0,17175.0,140.0,90.0,20.0,435.0,0.0,0.0,185950.0,33530,15020.0,66920.0,18585.0,14230.0,75200,29580.0,84950.0,15560.0,101040.0,17960.0,25210.0,4050.0,113710.0,28360.0,47035.0,1145.0,98995.0,91050,3490.0,8565.0,17385.0,28085.0,64970.0,3710.0,100.0,63940.0,26800.0,0.0,1970.0,610.0,0.0,6130.0,860.0,0.0,2050.0,13710.0,1455.0,12320.0,22895.0,92435,61100.0,29235.0,285.0,965.0,3820.0,7520.0,7925.0,14070.0,43770.0,48700.0,28155.0,31840.0,14195.0,13785.0,1185.0,70.0,11045.0,845.0,20215.0,2020.0,73745.0,18040.0,53795.0,6720.0,24610.0,3805.0,335.0,390.0,1165.0,8430.0,6735.0,13210.0,76205.0,15460.0,53835.0,5600.0,28030.0,101710.0,91505.0,1945.0,8190.0,42310.0,21085.0,3335.0,15605.0,1975.0,3450.0,20.0,3485.0,24015.0,23095.0,15530.0,5255.0,3165.0,3265.0,790.0,870.0,550.0,1950.0,8895.0,27880.0,32645.0,8170.0,1305.0,410.0,270.0,91505.0,27245.0,27950.0,16000.0,11685.0,4025.0,1270.0
13,28,79,16,173035,82100.0,90935,29460.0,113900,29660.0,151065.0,5015.0,765.0,1570.0,10840.0,700.0,780.0,0.0,149060.0,605.0,495.0,2770.0,135.0,285.0,260.0,230.0,1170.0,6875.0,180.0,240.0,205.0,125.0,0.0,0.0,154700.0,18325,15250.0,54420.0,12420.0,14215.0,59525,17200.0,73860.0,8250.0,80810.0,10115.0,26530.0,2925.0,99290.0,14630.0,28855.0,775.0,77785.0,77000,2550.0,6175.0,9455.0,29050.0,46185.0,1770.0,40.0,58320.0,18565.0,0.0,1855.0,290.0,0.0,4910.0,565.0,10.0,1550.0,7115.0,1140.0,8045.0,14305.0,67890,52155.0,29460.0,295.0,780.0,2500.0,5115.0,5680.0,8095.0,32730.0,35145.0,24905.0,26910.0,15045.0,13960.0,1070.0,20.0,7420.0,430.0,13150.0,1000.0,60010.0,7475.0,46175.0,5650.0,26270.0,2675.0,255.0,510.0,940.0,6125.0,5440.0,7500.0,57090.0,10415.0,48670.0,2820.0,28995.0,74935.0,67780.0,2030.0,5105.0,28595.0,20955.0,1420.0,11895.0,1130.0,2295.0,135.0,2435.0,10595.0,15215.0,17620.0,7345.0,2795.0,1810.0,875.0,3280.0,760.0,2275.0,6990.0,14155.0,27605.0,7480.0,1450.0,755.0,1040.0,67780.0,16100.0,20515.0,13835.0,12115.0,2895.0,920.0
13,28,79,17,144170,70115.0,74045,24335.0,94465,25390.0,113670.0,4815.0,1145.0,2365.0,17905.0,70.0,955.0,10.0,111200.0,780.0,205.0,2755.0,35.0,890.0,105.0,1770.0,1520.0,14555.0,15.0,0.0,0.0,55.0,0.0,0.0,115045.0,29130,12465.0,47210.0,10460.0,11880.0,47235,14920.0,54995.0,15125.0,60035.0,14015.0,19300.0,5050.0,70630.0,23835.0,25110.0,265.0,64930.0,63365,1925.0,4670.0,9240.0,23800.0,39555.0,775.0,20.0,47015.0,16025.0,0.0,1235.0,85.0,0.0,3280.0,225.0,0.0,1315.0,6770.0,2430.0,12240.0,18825.0,69885,16500.0,24335.0,745.0,1455.0,4540.0,6915.0,7865.0,10225.0,36415.0,33450.0,6865.0,8730.0,11905.0,11275.0,1545.0,685.0,11105.0,680.0,14635.0,3700.0,54215.0,15400.0,13345.0,2715.0,18990.0,4740.0,660.0,755.0,1835.0,8830.0,9945.0,6845.0,63455.0,5350.0,14490.0,245.0,23835.0,61910.0,54315.0,1135.0,6470.0,24065.0,18255.0,935.0,6560.0,315.0,1560.0,0.0,1725.0,13955.0,15790.0,12925.0,3905.0,550.0,85.0,30.0,35.0,130.0,1540.0,5590.0,13800.0,24415.0,3740.0,150.0,45.0,15.0,54315.0,11700.0,15710.0,11150.0,8720.0,2285.0,1090.0
13,28,79,18,93420,45745.0,47670,16725.0,66265,10450.0,79370.0,4030.0,360.0,2065.0,5985.0,180.0,395.0,0.0,78210.0,310.0,205.0,3145.0,65.0,245.0,105.0,1645.0,840.0,3800.0,55.0,90.0,55.0,255.0,0.0,0.0,80550.0,12880,8725.0,32690.0,4330.0,7975.0,33585,6120.0,39300.0,6445.0,41240.0,6435.0,14000.0,2725.0,56520.0,9765.0,10045.0,410.0,46670.0,38120,1385.0,3060.0,4200.0,16595.0,29435.0,445.0,50.0,32030.0,6045.0,0.0,990.0,170.0,0.0,2600.0,255.0,0.0,725.0,3085.0,1425.0,5560.0,7465.0,44090,18150.0,16725.0,375.0,890.0,2075.0,3220.0,3505.0,3685.0,22905.0,21160.0,7775.0,10165.0,8545.0,7750.0,1045.0,95.0,4595.0,835.0,6595.0,765.0,37300.0,6565.0,16535.0,1480.0,13870.0,2515.0,465.0,545.0,1570.0,3405.0,4700.0,2340.0,41285.0,2510.0,17290.0,435.0,16650.0,43510.0,37780.0,795.0,4945.0,11050.0,17475.0,315.0,6320.0,335.0,1375.0,150.0,2835.0,7775.0,9380.0,10610.0,3155.0,710.0,300.0,140.0,45.0,955.0,1885.0,5055.0,9990.0,14360.0,2545.0,265.0,45.0,40.0,37780.0,9765.0,11480.0,8025.0,5495.0,1330.0,490.0
13,28,79,19,69850,34340.0,35520,13875.0,46505,9440.0,59460.0,3415.0,310.0,530.0,4710.0,95.0,295.0,0.0,58195.0,465.0,125.0,2335.0,45.0,70.0,50.0,300.0,510.0,3125.0,20.0,15.0,10.0,230.0,0.0,0.0,59890.0,9930,7115.0,23115.0,4105.0,6740.0,23420,5335.0,29365.0,4985.0,30555.0,4960.0,12130.0,1745.0,38465.0,8070.0,9305.0,140.0,32370.0,31420,790.0,1975.0,3260.0,13720.0,18130.0,365.0,5.0,25105.0,6290.0,0.0,555.0,65.0,0.0,1750.0,155.0,0.0,640.0,2370.0,715.0,4595.0,6270.0,31140,13260.0,13875.0,175.0,540.0,1890.0,2615.0,2855.0,3300.0,16065.0,15080.0,6035.0,7125.0,7080.0,6680.0,695.0,0.0,4275.0,320.0,5680.0,580.0,25395.0,5700.0,11710.0,1560.0,12105.0,1730.0,215.0,250.0,775.0,3350.0,3170.0,2445.0,28695.0,2225.0,12730.0,265.0,13820.0,30295.0,25875.0,795.0,3620.0,9810.0,10045.0,390.0,4210.0,155.0,845.0,0.0,805.0,6400.0,6590.0,8565.0,1100.0,440.0,65.0,35.0,45.0,55.0,565.0,2855.0,6525.0,11935.0,2545.0,210.0,115.0,85.0,25875.0,4935.0,7625.0,5560.0,5490.0,1115.0,435.0
13,28,79,20,154310,73445.0,80875,26100.0,101340,26855.0,133300.0,4740.0,845.0,515.0,11720.0,270.0,750.0,10.0,131755.0,515.0,255.0,3015.0,80.0,510.0,145.0,95.0,1075.0,8615.0,50.0,65.0,130.0,410.0,0.0,0.0,135805.0,18510,13385.0,49615.0,10435.0,12760.0,51715,16435.0,64650.0,8840.0,71185.0,9685.0,23240.0,2850.0,86045.0,15290.0,26465.0,365.0,69035.0,67135,2330.0,5170.0,10600.0,25145.0,41210.0,1125.0,40.0,51630.0,15305.0,0.0,1215.0,320.0,0.0,3650.0,340.0,0.0,1430.0,8180.0,1595.0,10650.0,16700.0,65865,33365.0,26100.0,355.0,1045.0,3090.0,6545.0,6975.0,8765.0,32925.0,32885.0,15145.0,17260.0,12890.0,12305.0,1225.0,175.0,10085.0,335.0,14620.0,1835.0,56930.0,8625.0,28870.0,3725.0,22865.0,2410.0,365.0,405.0,955.0,8455.0,7505.0,7085.0,58680.0,6240.0,30935.0,1190.0,25105.0,67440.0,60590.0,2050.0,4845.0,25665.0,21735.0,1190.0,7090.0,690.0,1505.0,20.0,6060.0,11635.0,13115.0,16530.0,4765.0,1535.0,1145.0,355.0,765.0,275.0,2020.0,6720.0,15410.0,24680.0,4950.0,730.0,205.0,160.0,60590.0,14505.0,17720.0,12335.0,10480.0,1960.0,695.0
13,28,79,21,45625,22225.0,23395,8200.0,30905,6515.0,39790.0,1775.0,65.0,355.0,2955.0,270.0,165.0,0.0,39245.0,160.0,90.0,715.0,25.0,10.0,10.0,185.0,240.0,1945.0,15.0,165.0,40.0,0.0,0.0,0.0,40540.0,5090,4240.0,15055.0,2925.0,3945.0,15850,3595.0,19835.0,2385.0,20690.0,2715.0,7305.0,885.0,26895.0,4015.0,6325.0,190.0,20585.0,21005,570.0,1465.0,2000.0,8125.0,12135.0,270.0,10.0,16595.0,4420.0,0.0,465.0,90.0,0.0,1210.0,130.0,10.0,360.0,1460.0,245.0,1585.0,2825.0,17040,15735.0,8200.0,75.0,155.0,570.0,940.0,1180.0,1595.0,8645.0,8410.0,7495.0,8170.0,4215.0,3925.0,235.0,0.0,1385.0,135.0,2440.0,325.0,14940.0,2100.0,14090.0,1650.0,7255.0,885.0,50.0,90.0,270.0,1135.0,1365.0,1220.0,14850.0,2025.0,14200.0,1460.0,8150.0,20370.0,17700.0,825.0,1850.0,6990.0,6060.0,385.0,3130.0,220.0,580.0,0.0,850.0,2590.0,2940.0,4290.0,2030.0,1790.0,750.0,215.0,550.0,110.0,1145.0,1630.0,3910.0,6360.0,2835.0,380.0,105.0,75.0,17700.0,3735.0,5535.0,3890.0,3255.0,900.0,170.0
